{"mines": [[6.175064061802402, 2.391304347826087], [41.26619851688807, 2.391304347826087], [2.983863616043778, 13.55072463768116], [44.00768151473298, 13.405797101449275], [8.18701825012283, 20.28985507246377], [38.25300689264678, 20.652173913043477], [23.236472472694185, 19.782608695652176]], "rocks": [[23.023688983854314, 3.623188405797101], [23.158443105704, 13.260869565217392]]}